productcode,productmanufacturer
04-00219,
04-00362,
05-00010,
05-01019,
05-01415,
05-01976,
05-14674,
05-17300,
05-56130,
06-01679,
07-00877,
11-03171,
11-03175,
11-03209,
11-03406,
11-04425,
11-07508,
11-13028,
11-14972,
2882-02-01 00:00:00,
2882-03-01 00:00:00,
62371-108,
BM2487-3,
BM2487-4,
CA14843-016,
CA16097N,
CA20737-023,
CA26246-000,
CA3029566,
CA3118962-01,
CA41413-005,
CA43256-002,
CA452-334A,
CA452-336A,
CA452-387,
CA452-394,
CA452-439,
CA452-538,
CA452-584,
CA452-860A,
CA453-903,
CA484-770,
CA50-105000-3,
CA50-810034,
CA62002-003,
CA63310-000,
CA63560-003,
CA63897-006,
CA63900-019,
CA66815-000A,
CA67026-007,
CA67026-011,
CA67411-002,
CA751-871,
CA79072-000,
CA86102-104,
CA86102-105,
CA95866-002,
CAB3-11-1,
CAB5121,
0-1-005-3B,
0-1-005-5B,
0-1-005A20,
0-1-005A36,
01-005-1,
01-005-1A20,
01-005A44,
0441016-9,
0LUBE884-2,
10-1021,
10-1024,
10-1026,
101000-003,
10100240,
10100C1F,
107-323,
11-03176,
11-03178,
1142000-11,
14843-016,
17918-000,
18456-000,
187-506,
187-523,
187-524,
187-530,
187-555,
187-569,
187-625,
189-139,
19272-002,
193-4,
20737-023,
20W50ARPK,
2513043-1,
25163-013,
26246-000,
26749-007,
2882-04-01 00:00:00,
3031060CL22,
3031060CL26,
3031060CL30,
3031060CL36,
3031060CL6,
3031060CL8,
3031267,
3032096,
3033,
3033055,
3033057-EX,
3033057-EX-CORE,
3033082,
3033084,
30332-000,
3033302,
3033306,
3033355,
3033356,
3033435,
3033438CL6,
3033458,
3033481,
3033497CL10,
3033497CL11,
3033497CL12,
3033497CL13,
3033497CL14,
3033497CL15,
3033497CL16,
3033513,
3033519CL01,
3033519CL02,
3033519CL03,
3033519CL04,
3033519CL05,
3033519CL06,
3033519CL07,
3033519CL08,
3033732,
3033736,
3033830,
3033832,
3033833,
3034141,
3034144,
3034188,
3034791-EX-CORE,
3034792-EX,
3034792-EX-CORE,
3034794,
3034794-EX,
3034794-EX-CORE,
30348-002,
30348-002-CORE,
30348-002-EX,
30348-013,
30348-014,
30348-014-CORE,
3034806CL10,
3034806CL11,
3034806CL9,
3034828,
3034853CL04,
3034856CL01,
30349-008,
30349-009,
30349-010,
30349-014,
3034949,
3034950,
3035228,
30353-006,
30353-008,
30353-009,
30353-011,
30353-016,
30353-021,
3035358CL1,
3035358CL2,
3035358CL3,
3035358CL4,
3035358CL5,
3035358CL6,
3035360,
3035372,
3035434,
3035436,
30355-000,
3035533,
3035534,
3035567CL5,
3035567CL6,
3035567CL7,
3035643,
3035673CL10,
3035673CL11,
3035673CL12,
3035673CL13,
3035673CL15,
3035673CL17,
3035673CL6,
3035673CL7,
3035673CL8,
3035673CL9,
3035798,
3035799,
3035845,
3035899,
3035926-EX,
3035926-EX-CORE,
30360-002,
3036006CL08,
3036006CL09,
3036006CL10,
3036006CL11,
3036006CL12,
3036006CL13,
3036006CL14,
3036006CL15,
3036006CL16,
3036006CL17,
3036006CL18,
3036014,
3036109,
3036110,
3036177,
3036181,
3036186,
30362-000,
3036222,
3036223,
3036258,
3036259,
3036260,
3036270,
3036298CL2,
3036298CL4,
3036298CL6,
3036355CL10,
3036355CL11,
3036355CL12,
3036355CL9,
3036376,
3036411,
3036488,
30365-1,
3036592,
3036640-OH,
3036640-OH-CORE,
3036722CL1,
3036722CL2,
30368-000,
3036829CL1,
3036829CL10,
3036829CL2,
3036829CL4,
3036829CL6,
3036829CL7,
3036829CL8,
3036829CL9,
3036834,
3036898-CORE,
3036905,
3036946,
3038056,
3038057,
3038120CL11,
3038120CL12,
3038120CL13,
3038120CL14,
3038120CL15,
3038120CL16,
3038120CL17,
3038120CL18,
3038120CL19,
3038120CL20,
3038120CL21,
3038120CL22,
3038120CL23,
3038242,
3038262-CL21.03,
3038262-CL21.11,
3038262-CL21.11-CORE,
3038262CL01,
3038262CL02,
3038262CL03,
3038262CL04,
3038262CL06,
3038262CL08,
3038262CL09,
30384-1,
3038472,
3038495,
3038495-EX,
3038495-EX-CORE,
3038495-OH,
3038498,
3038502,
3038705-EX,
3038705-EX-CORE,
3038819,
3038887,
3038924,
30624-000,
30636-000,
30636-001,
30640-000,
30645-000,
30648-000,
30648-002,
30684-002,
3107371-01,
3119830-01,
31880,
31880-000,
31894-002,
31903,
31903-000,
32003-000,
320554,
320565,
320619,
32330-07,
323975,
324044,
324051,
3244777-5-3,
324484,
324486,
328996,
33002-002,
33027-8,
34071,
345-085-2,
34552-000,
350-6-0094,
350-6-0290,
350-6-0370,
350689-1,
35109,
35110,
35112,
35152,
35468-000,
35762-000,
35762-001,
36152,
36160,
363QT,
37578-03,
37578-3,
41413-005,
42330,
42354,
42355,
42395,
42502,
42508,
42509,
42510,
42511,
42512,
43256-002,
434-70001-00,
44060,
452-334,
452-335,
452-336,
452-357,
452-383,
452-387,
452-394,
452-439,
452-538,
452-584,
452-860,
452-947,
453-860,
453-903,
45350-017,
454-108,
455-5044-HK-2317,
460045P,
462-049,
470-516,
470-908,
475-124,
481-361,
484-769,
490057-20Z,
51863,
51C887,
554-575,
560-679,
560-722,
5606,
62002-003,
62371-008,
63310-000,
63560-003,
63897-006,
63900-019,
64CGMPTC,
65150-000,
65151-000,
660110,
66815-000,
67026-007,
67026-011,
67411-002,
69790-000,
70090-04,
70104-04,
70104-05,
70104-09,
70104L40Z,
70105-04,
70106-1GL,
70200-13,
70201-13,
70206-18,
70302-12,
70305-02,
70305-12,
70307-12,
70307L,
751-201,
751-202,
751-367,
751-489,
751-494,
751-815,
751-871,
753-301,
753-469,
756-616,
757-310,
758-276,
763-503,
767320,
81102-038,
82-64,
82034-002,
82063-002,
82063-003,
82081-002,
82081-003,
82087-002,
822-1109-011-CORE,
822-1109-011-EX,
822-1109-011-EX-,
822-1109-011-EX-CORE,
822-1113-001-EX,
822-1113-001-EX-CORE,
822-1115-021-EX,
822-1115-021-EX-CORE,
822-1120-005-EX,
822-1120-005-EX-CORE,
822-1120-007-EX,
822-1120-007-EX-CORE,
822-1123-102-EX,
822-1123-102-EX-CORE,
822-1123-111-EX,
822-1123-111-EX-CORE,
822-1294-002-EX,
822-1294-002-EX-,
822-1465-001-EX,
822-1465-001-EX-CORE,
822-1485-032,
822-1485-032-EX,
822-1485-032-EX-CORE,
822-1543-101-EX,
822-1543-101-EX-CORE,
822-1825-102,
822-1825-102-CORE,
822-1825-102-EX,
822-1825-102-EX-CORE,
822-1825-111-EX,
822-1825-111-EX-CORE,
822-2179-015,
822-2215-101-EX,
822-2215-101-EX-CORE,
82200-681,
82200-683,
82220-652,
82220-654,
82220-655,
82220-656,
82220-657,
82220-658,
82220-670,
82220-672,
82220-674,
82220-676,
82220-680,
82224-002,
82227-002,
82233-013,
82239-002,
82240-002,
82240-004,
82240-005,
82244-002,
82244-003,
82247-002,
82248-002,
823-2D,
82310-002,
82314-002,
82314-006,
82315-002,
82315-005,
82315-006,
82315-800,
82316-002,
82316-800,
82317-802,
82317-810,
82317-901,
82318-800,
82318-802,
82319-002,
82322-002,
82323-002,
82602-002,
82603-002,
82603-800,
82606-002,
82607-002,
82607-003,
82607-004,
82607-006,
82609-800,
82609-801,
82610-002,
82610-003,
82612-800,
82612-801,
82613-002,
82615-002,
82618-002,
82620-002,
82622-803,
82626-800,
82630-002,
82631-002,
82631-008,
82631-009,
82634-002,
82634-003,
82640-003,
82644-002,
82644-003,
82648-002,
82720-002,
82722-002,
82728-002,
82728-003,
82732-025,
82732-068,
82732-072,
82732-076,
82732-095,
82732-098,
82732-099,
82732-102,
82732-103,
82732-104,
82732-121,
82732-200,
82737-002,
82737-004,
82738-002,
82740-002,
82742-003,
82742-007,
82742-009,
82742-010,
82742-013,
82808-005,
8302-07-01 00:00:00,
83022-004,
83022-005,
83024-002,
83024-003,
83024-004,
83026-004,
83026-005,
83027-002,
83029-002,
83029-003,
83030-002,
83030-003,
83033-002,
83038-002,
83038-003,
83045-002,
83045-003,
83047-002,
83048-002,
83062-002,
83062-003,
83063-003,
83064-002,
83064-003,
83064-004,
83064-005,
83066-002,
83103-003,
83150-002,
83154-002,
83155-002,
83157-002,
83158-002,
83159-002,
83160-811,
83161-008,
83161-025,
83161-045,
83161-048,
83161-051,
83161-065,
83163-802,
83164-002,
83165-002,
83166-002,
83166-003,
83167-002,
83167-003,
83168-002,
83168-003,
83168-004,
83168-005,
83168-802,
83168-803,
83169-002,
83180-002,
83189-002,
83189-003,
83189-004,
83189-005,
83189-681,
83189-683,
83189-800,
83189-801,
83189-802,
83189-804,
83197-002,
83197-005,
83198-002,
83198-003,
83198-006,
83198-007,
83198-008,
83201-006,
83201-007,
83203-002,
83203-004,
83204-002,
83204-004,
83206-002,
83206-003,
83240-002,
83240-003,
83246-002,
83246-003,
83248-002,
83248-003,
83248-004,
83248-005,
83248-006,
83248-007,
83249-002,
83401-004,
83401-005,
83401-006,
83403-003,
83403-005,
83403-006,
83403-008,
83403-009,
83403-014,
83403-804,
83403-805,
83403-825,
83404-003,
83404-004,
83404-802,
83405-002,
83405-004,
83405-005,
83405-007,
83405-008,
83406-002,
83406-802,
83407-002,
83408-002,
83408-003,
83408-005,
83420-002,
83422-002,
83424-003,
83425-004,
83426-002,
83509-002,
83509-003,
83744-046,
83744-047,
84425-002,
84425-003,
85012-032,
855-5GL,
86102-104,
86102-105,
86142,
86145,
86147,
86211,
86255-002,
86255-802,
86258,
86259,
95-0476,
95866-002,
99027-8,
AN4076-1,
AN5541-1,
B3510-16,
B3510-32,
B3510MTH,
BA-150,
BA-821487,
BM2487,
BRAYC0TE646QT,
C668501-0210,
CA16097,
CA187-625,
CA3011155,
CA3044,
CH34249,
CH48110,
DC340-30Z,
EARHM32S,
EP130,
ES48108,
ES48110,
FH3-55,
FH6-20L,
FH6-55,
GN05-21,
GN06-21,
GN07-21,
GN10-21,
GN148-24,
GN15-21,
GN17-21,
GN22-21,
GN22-24,
GN4343-21,
GN46-21,
GNGA47-24,
KP3A,
LS03-01004,
LS35307-3M,
MS21057L3K,
MS21260-S2LH,
MS21260-S2RH,
MS21260-S3RH,
MS27641-3,
MS90324-1,
N7284010003,
NAS1149E1165R,
NAS70CL261-750,
NL11B1L,
NL3525-24,
NL64-20L,
NL64-5L,
NL7870-24,
NP04-24,
NP06-24,
NYC065-24,
NYC065VASELINE-CN,
NYC0DIEL20,
NYC0GREASEGN25013CN,
NYC0LUBE3525-20L,
P104,
PLV2000QTKT,
PM32,
PR1422A1-2-PT,
PR1440B2,
PROGRAMMING FEE,
PS870A2-PT,
PS870B2PT,
RHE0LUB733MZ30C,
RHE0LUBE733MZ,
TN3516-24,
TURB0NYC0IL160,
VB1647,
